{
  "version": 2,
  "public": true,
  "builds": [
    {
      "src": "backend/server.js",
      "use": "@vercel/node",
      "config": {
        "includeFiles": ["backend/**"]
      }
    },
    {
      "src": "frontend/package.json",
      "use": "@vercel/static-build",
      "config": {
        "distDir": "dist/angular-signup-verification-boilerplate",
        "buildCommand": "cd frontend && npm install && npm run build"
      }
    }
  ],
  "routes": [
    {
      "src": "/api/(.*)",
      "dest": "backend/server.js"
    },
    {
      "src": "/assets/(.*)",
      "dest": "frontend/dist/angular-signup-verification-boilerplate/assets/$1"
    },
    {
      "handle": "filesystem"
    },
    {
      "src": "/(.*)",
      "dest": "frontend/dist/angular-signup-verification-boilerplate/index.html"
    }
  ]
} 